Generation,Slow Codons ,Fast Codons,Pct_Slow,Location,,,,
0,23,37,0.383333333,5' ORF,,,Event ,Outcome 
1,23,37,0.383333333,5' ORF,,,xj > xi,mutant is favored for next generation
2,24,36,0.4,5' ORF,,,xj = xi,mutant is favored for next generation
3,24,36,0.4,5' ORF,,,xj < xi ,probability of mutant survival tested and acepted or rejected
4,24,36,0.4,5' ORF,,,,
5,24,36,0.4,5' ORF,,,,
6,25,35,0.416666667,5' ORF,,,,
7,25,35,0.416666667,5' ORF,,,,
8,25,35,0.416666667,5' ORF,,,,
9,26,34,0.433333333,5' ORF,,,,
10,26,34,0.433333333,5' ORF,,,,
11,26,34,0.433333333,5' ORF,,,,
12,26,34,0.433333333,5' ORF,,,,
13,26,34,0.433333333,5' ORF,,,,
14,26,34,0.433333333,5' ORF,,,,
15,26,34,0.433333333,5' ORF,,,,
16,26,34,0.433333333,5' ORF,,,,
17,26,34,0.433333333,5' ORF,,,,
18,26,34,0.433333333,5' ORF,,,,
19,26,34,0.433333333,5' ORF,,,,
20,26,34,0.433333333,5' ORF,,,,
21,26,34,0.433333333,5' ORF,,,,
22,26,34,0.433333333,5' ORF,,,,
23,26,34,0.433333333,5' ORF,,,,
24,26,34,0.433333333,5' ORF,,,,
25,26,34,0.433333333,5' ORF,,,,
26,26,34,0.433333333,5' ORF,,,,
27,26,34,0.433333333,5' ORF,,,,
28,26,34,0.433333333,5' ORF,,,,
29,26,34,0.433333333,5' ORF,,,,
30,26,34,0.433333333,5' ORF,,,,
31,26,34,0.433333333,5' ORF,,,,
32,26,34,0.433333333,5' ORF,,,,
33,26,34,0.433333333,5' ORF,,,,
34,26,34,0.433333333,5' ORF,,,,
35,26,34,0.433333333,5' ORF,,,,
36,26,34,0.433333333,5' ORF,,,,
37,26,34,0.433333333,5' ORF,,,,
38,26,34,0.433333333,5' ORF,,,,
39,26,34,0.433333333,5' ORF,,,,
40,26,34,0.433333333,5' ORF,,,,
41,26,34,0.433333333,5' ORF,,,,
42,26,34,0.433333333,5' ORF,,,,
43,26,34,0.433333333,5' ORF,,,,
44,26,34,0.433333333,5' ORF,,,,
45,27,33,0.45,5' ORF,,,,
46,27,33,0.45,5' ORF,,,,
47,26,34,0.433333333,5' ORF,,,,
48,26,34,0.433333333,5' ORF,,,,
49,25,35,0.416666667,5' ORF,,,,
50,25,35,0.416666667,5' ORF,,,,
51,25,35,0.416666667,5' ORF,,,,
52,24,36,0.4,5' ORF,,,,
53,24,36,0.4,5' ORF,,,,
54,24,36,0.4,5' ORF,,,,
55,24,36,0.4,5' ORF,,,,
56,24,36,0.4,5' ORF,,,,
57,24,36,0.4,5' ORF,,,,
58,24,36,0.4,5' ORF,,,,
59,24,36,0.4,5' ORF,,,,
60,24,36,0.4,5' ORF,,,,
61,24,36,0.4,5' ORF,,,,
62,24,36,0.4,5' ORF,,,,
63,24,36,0.4,5' ORF,,,,
64,24,36,0.4,5' ORF,,,,
65,24,36,0.4,5' ORF,,,,
66,24,36,0.4,5' ORF,,,,
67,25,35,0.416666667,5' ORF,,,,
68,25,35,0.416666667,5' ORF,,,,
69,25,35,0.416666667,5' ORF,,,,
70,25,35,0.416666667,5' ORF,,,,
71,25,35,0.416666667,5' ORF,,,,
72,26,34,0.433333333,5' ORF,,,,
73,25,35,0.416666667,5' ORF,,,,
74,25,35,0.416666667,5' ORF,,,,
75,25,35,0.416666667,5' ORF,,,,
76,26,34,0.433333333,5' ORF,,,,
77,26,34,0.433333333,5' ORF,,,,
78,26,34,0.433333333,5' ORF,,,,
79,26,34,0.433333333,5' ORF,,,,
80,26,34,0.433333333,5' ORF,,,,
81,26,34,0.433333333,5' ORF,,,,
82,26,34,0.433333333,5' ORF,,,,
83,26,34,0.433333333,5' ORF,,,,
84,26,34,0.433333333,5' ORF,,,,
85,26,34,0.433333333,5' ORF,,,,
86,25,35,0.416666667,5' ORF,,,,
87,25,35,0.416666667,5' ORF,,,,
88,26,34,0.433333333,5' ORF,,,,
89,26,34,0.433333333,5' ORF,,,,
90,26,34,0.433333333,5' ORF,,,,
91,26,34,0.433333333,5' ORF,,,,
92,26,34,0.433333333,5' ORF,,,,
93,26,34,0.433333333,5' ORF,,,,
94,26,34,0.433333333,5' ORF,,,,
95,26,34,0.433333333,5' ORF,,,,
96,26,34,0.433333333,5' ORF,,,,
97,26,34,0.433333333,5' ORF,,,,
98,26,34,0.433333333,5' ORF,,,,
99,25,35,0.416666667,5' ORF,,,,
100,25,35,0.416666667,5' ORF,,,,
101,25,35,0.416666667,5' ORF,,,,
102,24,36,0.4,5' ORF,,,,
103,24,36,0.4,5' ORF,,,,
104,24,36,0.4,5' ORF,,,,
105,24,36,0.4,5' ORF,,,,
106,24,36,0.4,5' ORF,,,,
107,24,36,0.4,5' ORF,,,,
108,24,36,0.4,5' ORF,,,,
109,24,36,0.4,5' ORF,,,,
110,24,36,0.4,5' ORF,,,,
111,24,36,0.4,5' ORF,,,,
112,24,36,0.4,5' ORF,,,,
113,24,36,0.4,5' ORF,,,,
114,24,36,0.4,5' ORF,,,,
115,25,35,0.416666667,5' ORF,,,,
116,25,35,0.416666667,5' ORF,,,,
117,25,35,0.416666667,5' ORF,,,,
118,25,35,0.416666667,5' ORF,,,,
119,25,35,0.416666667,5' ORF,,,,
120,25,35,0.416666667,5' ORF,,,,
121,25,35,0.416666667,5' ORF,,,,
122,25,35,0.416666667,5' ORF,,,,
123,26,34,0.433333333,5' ORF,,,,
124,26,34,0.433333333,5' ORF,,,,
125,26,34,0.433333333,5' ORF,,,,
126,26,34,0.433333333,5' ORF,,,,
127,26,34,0.433333333,5' ORF,,,,
128,26,34,0.433333333,5' ORF,,,,
129,27,33,0.45,5' ORF,,,,
130,27,33,0.45,5' ORF,,,,
131,27,33,0.45,5' ORF,,,,
132,28,32,0.466666667,5' ORF,,,,
133,28,32,0.466666667,5' ORF,,,,
134,28,32,0.466666667,5' ORF,,,,
135,28,32,0.466666667,5' ORF,,,,
136,28,32,0.466666667,5' ORF,,,,
137,28,32,0.466666667,5' ORF,,,,
138,28,32,0.466666667,5' ORF,,,,
139,28,32,0.466666667,5' ORF,,,,
140,28,32,0.466666667,5' ORF,,,,
141,28,32,0.466666667,5' ORF,,,,
142,28,32,0.466666667,5' ORF,,,,
143,28,32,0.466666667,5' ORF,,,,
144,28,32,0.466666667,5' ORF,,,,
145,28,32,0.466666667,5' ORF,,,,
146,28,32,0.466666667,5' ORF,,,,
147,28,32,0.466666667,5' ORF,,,,
148,28,32,0.466666667,5' ORF,,,,
149,28,32,0.466666667,5' ORF,,,,
150,28,32,0.466666667,5' ORF,,,,
151,28,32,0.466666667,5' ORF,,,,
152,27,33,0.45,5' ORF,,,,
153,27,33,0.45,5' ORF,,,,
154,28,32,0.466666667,5' ORF,,,,
155,28,32,0.466666667,5' ORF,,,,
156,28,32,0.466666667,5' ORF,,,,
157,28,32,0.466666667,5' ORF,,,,
158,28,32,0.466666667,5' ORF,,,,
159,28,32,0.466666667,5' ORF,,,,
160,28,32,0.466666667,5' ORF,,,,
161,28,32,0.466666667,5' ORF,,,,
162,28,32,0.466666667,5' ORF,,,,
163,29,31,0.483333333,5' ORF,,,,
164,29,31,0.483333333,5' ORF,,,,
165,28,32,0.466666667,5' ORF,,,,
166,28,32,0.466666667,5' ORF,,,,
167,28,32,0.466666667,5' ORF,,,,
168,28,32,0.466666667,5' ORF,,,,
169,27,33,0.45,5' ORF,,,,
170,28,32,0.466666667,5' ORF,,,,
171,28,32,0.466666667,5' ORF,,,,
172,27,33,0.45,5' ORF,,,,
173,27,33,0.45,5' ORF,,,,
174,26,34,0.433333333,5' ORF,,,,
175,26,34,0.433333333,5' ORF,,,,
176,26,34,0.433333333,5' ORF,,,,
177,26,34,0.433333333,5' ORF,,,,
178,26,34,0.433333333,5' ORF,,,,
179,26,34,0.433333333,5' ORF,,,,
180,27,33,0.45,5' ORF,,,,
181,26,34,0.433333333,5' ORF,,,,
182,26,34,0.433333333,5' ORF,,,,
183,26,34,0.433333333,5' ORF,,,,
184,26,34,0.433333333,5' ORF,,,,
185,26,34,0.433333333,5' ORF,,,,
186,26,34,0.433333333,5' ORF,,,,
187,25,35,0.416666667,5' ORF,,,,
188,25,35,0.416666667,5' ORF,,,,
189,25,35,0.416666667,5' ORF,,,,
190,25,35,0.416666667,5' ORF,,,,
191,25,35,0.416666667,5' ORF,,,,
192,26,34,0.433333333,5' ORF,,,,
193,26,34,0.433333333,5' ORF,,,,
194,26,34,0.433333333,5' ORF,,,,
195,26,34,0.433333333,5' ORF,,,,
196,26,34,0.433333333,5' ORF,,,,
197,26,34,0.433333333,5' ORF,,,,
198,25,35,0.416666667,5' ORF,,,,
199,25,35,0.416666667,5' ORF,,,,
200,25,35,0.416666667,5' ORF,,,,
201,26,34,0.433333333,5' ORF,,,,
202,26,34,0.433333333,5' ORF,,,,
203,26,34,0.433333333,5' ORF,,,,
204,25,35,0.416666667,5' ORF,,,,
205,25,35,0.416666667,5' ORF,,,,
206,25,35,0.416666667,5' ORF,,,,
207,26,34,0.433333333,5' ORF,,,,
208,26,34,0.433333333,5' ORF,,,,
209,26,34,0.433333333,5' ORF,,,,
210,26,34,0.433333333,5' ORF,,,,
211,26,34,0.433333333,5' ORF,,,,
212,26,34,0.433333333,5' ORF,,,,
213,26,34,0.433333333,5' ORF,,,,
214,26,34,0.433333333,5' ORF,,,,
215,26,34,0.433333333,5' ORF,,,,
216,26,34,0.433333333,5' ORF,,,,
217,27,33,0.45,5' ORF,,,,
218,27,33,0.45,5' ORF,,,,
219,27,33,0.45,5' ORF,,,,
220,27,33,0.45,5' ORF,,,,
221,27,33,0.45,5' ORF,,,,
222,27,33,0.45,5' ORF,,,,
223,27,33,0.45,5' ORF,,,,
224,27,33,0.45,5' ORF,,,,
225,27,33,0.45,5' ORF,,,,
226,27,33,0.45,5' ORF,,,,
227,27,33,0.45,5' ORF,,,,
228,27,33,0.45,5' ORF,,,,
229,27,33,0.45,5' ORF,,,,
230,27,33,0.45,5' ORF,,,,
231,27,33,0.45,5' ORF,,,,
232,27,33,0.45,5' ORF,,,,
233,27,33,0.45,5' ORF,,,,
234,28,32,0.466666667,5' ORF,,,,
235,28,32,0.466666667,5' ORF,,,,
236,28,32,0.466666667,5' ORF,,,,
237,28,32,0.466666667,5' ORF,,,,
238,28,32,0.466666667,5' ORF,,,,
239,28,32,0.466666667,5' ORF,,,,
240,28,32,0.466666667,5' ORF,,,,
241,28,32,0.466666667,5' ORF,,,,
242,28,32,0.466666667,5' ORF,,,,
243,28,32,0.466666667,5' ORF,,,,
244,28,32,0.466666667,5' ORF,,,,
245,28,32,0.466666667,5' ORF,,,,
246,28,32,0.466666667,5' ORF,,,,
247,28,32,0.466666667,5' ORF,,,,
248,28,32,0.466666667,5' ORF,,,,
249,28,32,0.466666667,5' ORF,,,,
250,28,32,0.466666667,5' ORF,,,,
251,27,33,0.45,5' ORF,,,,
252,27,33,0.45,5' ORF,,,,
253,27,33,0.45,5' ORF,,,,
254,27,33,0.45,5' ORF,,,,
255,27,33,0.45,5' ORF,,,,
256,27,33,0.45,5' ORF,,,,
257,26,34,0.433333333,5' ORF,,,,
258,26,34,0.433333333,5' ORF,,,,
259,26,34,0.433333333,5' ORF,,,,
260,26,34,0.433333333,5' ORF,,,,
261,25,35,0.416666667,5' ORF,,,,
262,25,35,0.416666667,5' ORF,,,,
263,24,36,0.4,5' ORF,,,,
264,24,36,0.4,5' ORF,,,,
265,25,35,0.416666667,5' ORF,,,,
266,25,35,0.416666667,5' ORF,,,,
267,26,34,0.433333333,5' ORF,,,,
268,26,34,0.433333333,5' ORF,,,,
269,26,34,0.433333333,5' ORF,,,,
270,26,34,0.433333333,5' ORF,,,,
271,27,33,0.45,5' ORF,,,,
272,27,33,0.45,5' ORF,,,,
273,27,33,0.45,5' ORF,,,,
274,27,33,0.45,5' ORF,,,,
275,27,33,0.45,5' ORF,,,,
276,28,32,0.466666667,5' ORF,,,,
277,29,31,0.483333333,5' ORF,,,,
278,28,32,0.466666667,5' ORF,,,,
279,28,32,0.466666667,5' ORF,,,,
280,28,32,0.466666667,5' ORF,,,,
281,28,32,0.466666667,5' ORF,,,,
282,28,32,0.466666667,5' ORF,,,,
283,28,32,0.466666667,5' ORF,,,,
284,28,32,0.466666667,5' ORF,,,,
285,28,32,0.466666667,5' ORF,,,,
286,28,32,0.466666667,5' ORF,,,,
287,28,32,0.466666667,5' ORF,,,,
288,28,32,0.466666667,5' ORF,,,,
289,27,33,0.45,5' ORF,,,,
290,27,33,0.45,5' ORF,,,,
291,28,32,0.466666667,5' ORF,,,,
292,28,32,0.466666667,5' ORF,,,,
293,28,32,0.466666667,5' ORF,,,,
294,28,32,0.466666667,5' ORF,,,,
295,28,32,0.466666667,5' ORF,,,,
296,29,31,0.483333333,5' ORF,,,,
297,29,31,0.483333333,5' ORF,,,,
298,29,31,0.483333333,5' ORF,,,,
299,29,31,0.483333333,5' ORF,,,,
300,29,31,0.483333333,5' ORF,,,,
301,29,31,0.483333333,5' ORF,,,,
302,29,31,0.483333333,5' ORF,,,,
303,29,31,0.483333333,5' ORF,,,,
304,29,31,0.483333333,5' ORF,,,,
305,29,31,0.483333333,5' ORF,,,,
306,29,31,0.483333333,5' ORF,,,,
307,28,32,0.466666667,5' ORF,,,,
308,28,32,0.466666667,5' ORF,,,,
309,28,32,0.466666667,5' ORF,,,,
310,27,33,0.45,5' ORF,,,,
311,28,32,0.466666667,5' ORF,,,,
312,28,32,0.466666667,5' ORF,,,,
313,28,32,0.466666667,5' ORF,,,,
314,28,32,0.466666667,5' ORF,,,,
315,28,32,0.466666667,5' ORF,,,,
316,28,32,0.466666667,5' ORF,,,,
317,28,32,0.466666667,5' ORF,,,,
318,28,32,0.466666667,5' ORF,,,,
319,28,32,0.466666667,5' ORF,,,,
320,28,32,0.466666667,5' ORF,,,,
321,28,32,0.466666667,5' ORF,,,,
322,28,32,0.466666667,5' ORF,,,,
323,29,31,0.483333333,5' ORF,,,,
324,28,32,0.466666667,5' ORF,,,,
325,29,31,0.483333333,5' ORF,,,,
326,29,31,0.483333333,5' ORF,,,,
327,29,31,0.483333333,5' ORF,,,,
328,29,31,0.483333333,5' ORF,,,,
329,29,31,0.483333333,5' ORF,,,,
330,28,32,0.466666667,5' ORF,,,,
331,27,33,0.45,5' ORF,,,,
332,28,32,0.466666667,5' ORF,,,,
333,28,32,0.466666667,5' ORF,,,,
334,28,32,0.466666667,5' ORF,,,,
335,28,32,0.466666667,5' ORF,,,,
336,28,32,0.466666667,5' ORF,,,,
337,28,32,0.466666667,5' ORF,,,,
338,28,32,0.466666667,5' ORF,,,,
339,28,32,0.466666667,5' ORF,,,,
340,28,32,0.466666667,5' ORF,,,,
341,28,32,0.466666667,5' ORF,,,,
342,28,32,0.466666667,5' ORF,,,,
343,28,32,0.466666667,5' ORF,,,,
344,28,32,0.466666667,5' ORF,,,,
345,28,32,0.466666667,5' ORF,,,,
346,28,32,0.466666667,5' ORF,,,,
347,28,32,0.466666667,5' ORF,,,,
348,28,32,0.466666667,5' ORF,,,,
349,28,32,0.466666667,5' ORF,,,,
350,28,32,0.466666667,5' ORF,,,,
351,28,32,0.466666667,5' ORF,,,,
352,29,31,0.483333333,5' ORF,,,,
353,30,30,0.5,5' ORF,,,,
354,30,30,0.5,5' ORF,,,,
355,30,30,0.5,5' ORF,,,,
356,29,31,0.483333333,5' ORF,,,,
357,29,31,0.483333333,5' ORF,,,,
358,29,31,0.483333333,5' ORF,,,,
359,29,31,0.483333333,5' ORF,,,,
360,29,31,0.483333333,5' ORF,,,,
361,29,31,0.483333333,5' ORF,,,,
362,29,31,0.483333333,5' ORF,,,,
363,28,32,0.466666667,5' ORF,,,,
364,28,32,0.466666667,5' ORF,,,,
365,28,32,0.466666667,5' ORF,,,,
366,27,33,0.45,5' ORF,,,,
367,27,33,0.45,5' ORF,,,,
368,27,33,0.45,5' ORF,,,,
369,27,33,0.45,5' ORF,,,,
370,27,33,0.45,5' ORF,,,,
371,26,34,0.433333333,5' ORF,,,,
372,26,34,0.433333333,5' ORF,,,,
373,26,34,0.433333333,5' ORF,,,,
374,26,34,0.433333333,5' ORF,,,,
375,26,34,0.433333333,5' ORF,,,,
376,26,34,0.433333333,5' ORF,,,,
377,26,34,0.433333333,5' ORF,,,,
378,27,33,0.45,5' ORF,,,,
379,27,33,0.45,5' ORF,,,,
380,28,32,0.466666667,5' ORF,,,,
381,28,32,0.466666667,5' ORF,,,,
382,28,32,0.466666667,5' ORF,,,,
383,29,31,0.483333333,5' ORF,,,,
384,28,32,0.466666667,5' ORF,,,,
385,28,32,0.466666667,5' ORF,,,,
386,28,32,0.466666667,5' ORF,,,,
387,28,32,0.466666667,5' ORF,,,,
388,29,31,0.483333333,5' ORF,,,,
389,30,30,0.5,5' ORF,,,,
390,30,30,0.5,5' ORF,,,,
391,30,30,0.5,5' ORF,,,,
392,30,30,0.5,5' ORF,,,,
393,30,30,0.5,5' ORF,,,,
394,30,30,0.5,5' ORF,,,,
395,30,30,0.5,5' ORF,,,,
396,30,30,0.5,5' ORF,,,,
397,30,30,0.5,5' ORF,,,,
398,30,30,0.5,5' ORF,,,,
399,30,30,0.5,5' ORF,,,,
400,30,30,0.5,5' ORF,,,,
401,30,30,0.5,5' ORF,,,,
402,30,30,0.5,5' ORF,,,,
403,31,29,0.516666667,5' ORF,,,,
404,30,30,0.5,5' ORF,,,,
405,29,31,0.483333333,5' ORF,,,,
406,29,31,0.483333333,5' ORF,,,,
407,29,31,0.483333333,5' ORF,,,,
408,29,31,0.483333333,5' ORF,,,,
409,29,31,0.483333333,5' ORF,,,,
410,29,31,0.483333333,5' ORF,,,,
411,28,32,0.466666667,5' ORF,,,,
412,28,32,0.466666667,5' ORF,,,,
413,28,32,0.466666667,5' ORF,,,,
414,27,33,0.45,5' ORF,,,,
415,27,33,0.45,5' ORF,,,,
416,27,33,0.45,5' ORF,,,,
417,27,33,0.45,5' ORF,,,,
418,27,33,0.45,5' ORF,,,,
419,26,34,0.433333333,5' ORF,,,,
420,26,34,0.433333333,5' ORF,,,,
421,26,34,0.433333333,5' ORF,,,,
422,26,34,0.433333333,5' ORF,,,,
423,26,34,0.433333333,5' ORF,,,,
424,25,35,0.416666667,5' ORF,,,,
425,25,35,0.416666667,5' ORF,,,,
426,25,35,0.416666667,5' ORF,,,,
427,25,35,0.416666667,5' ORF,,,,
428,25,35,0.416666667,5' ORF,,,,
429,25,35,0.416666667,5' ORF,,,,
430,25,35,0.416666667,5' ORF,,,,
431,25,35,0.416666667,5' ORF,,,,
432,25,35,0.416666667,5' ORF,,,,
433,25,35,0.416666667,5' ORF,,,,
434,25,35,0.416666667,5' ORF,,,,
435,25,35,0.416666667,5' ORF,,,,
436,24,36,0.4,5' ORF,,,,
437,24,36,0.4,5' ORF,,,,
438,24,36,0.4,5' ORF,,,,
439,24,36,0.4,5' ORF,,,,
440,24,36,0.4,5' ORF,,,,
441,23,37,0.383333333,5' ORF,,,,
442,23,37,0.383333333,5' ORF,,,,
443,24,36,0.4,5' ORF,,,,
444,25,35,0.416666667,5' ORF,,,,
445,25,35,0.416666667,5' ORF,,,,
446,25,35,0.416666667,5' ORF,,,,
447,25,35,0.416666667,5' ORF,,,,
448,24,36,0.4,5' ORF,,,,
449,24,36,0.4,5' ORF,,,,
450,24,36,0.4,5' ORF,,,,
451,23,37,0.383333333,5' ORF,,,,
452,23,37,0.383333333,5' ORF,,,,
453,23,37,0.383333333,5' ORF,,,,
454,23,37,0.383333333,5' ORF,,,,
455,23,37,0.383333333,5' ORF,,,,
456,23,37,0.383333333,5' ORF,,,,
457,23,37,0.383333333,5' ORF,,,,
458,23,37,0.383333333,5' ORF,,,,
459,23,37,0.383333333,5' ORF,,,,
460,23,37,0.383333333,5' ORF,,,,
461,24,36,0.4,5' ORF,,,,
462,24,36,0.4,5' ORF,,,,
463,24,36,0.4,5' ORF,,,,
464,24,36,0.4,5' ORF,,,,
465,24,36,0.4,5' ORF,,,,
466,25,35,0.416666667,5' ORF,,,,
467,26,34,0.433333333,5' ORF,,,,
468,26,34,0.433333333,5' ORF,,,,
469,25,35,0.416666667,5' ORF,,,,
470,25,35,0.416666667,5' ORF,,,,
471,24,36,0.4,5' ORF,,,,
472,25,35,0.416666667,5' ORF,,,,
473,25,35,0.416666667,5' ORF,,,,
474,25,35,0.416666667,5' ORF,,,,
475,25,35,0.416666667,5' ORF,,,,
476,25,35,0.416666667,5' ORF,,,,
477,25,35,0.416666667,5' ORF,,,,
478,25,35,0.416666667,5' ORF,,,,
479,25,35,0.416666667,5' ORF,,,,
480,25,35,0.416666667,5' ORF,,,,
481,25,35,0.416666667,5' ORF,,,,
482,25,35,0.416666667,5' ORF,,,,
483,25,35,0.416666667,5' ORF,,,,
484,24,36,0.4,5' ORF,,,,
485,24,36,0.4,5' ORF,,,,
486,24,36,0.4,5' ORF,,,,
487,24,36,0.4,5' ORF,,,,
488,23,37,0.383333333,5' ORF,,,,
489,23,37,0.383333333,5' ORF,,,,
490,24,36,0.4,5' ORF,,,,
491,24,36,0.4,5' ORF,,,,
492,24,36,0.4,5' ORF,,,,
493,24,36,0.4,5' ORF,,,,
494,24,36,0.4,5' ORF,,,,
495,24,36,0.4,5' ORF,,,,
496,24,36,0.4,5' ORF,,,,
497,24,36,0.4,5' ORF,,,,
498,24,36,0.4,5' ORF,,,,
499,24,36,0.4,5' ORF,,,,
500,24,36,0.4,5' ORF,,,,
501,25,35,0.416666667,5' ORF,,,,
502,25,35,0.416666667,5' ORF,,,,
503,25,35,0.416666667,5' ORF,,,,
504,25,35,0.416666667,5' ORF,,,,
505,25,35,0.416666667,5' ORF,,,,
506,25,35,0.416666667,5' ORF,,,,
507,25,35,0.416666667,5' ORF,,,,
508,25,35,0.416666667,5' ORF,,,,
509,25,35,0.416666667,5' ORF,,,,
510,25,35,0.416666667,5' ORF,,,,
511,24,36,0.4,5' ORF,,,,
512,24,36,0.4,5' ORF,,,,
513,25,35,0.416666667,5' ORF,,,,
514,26,34,0.433333333,5' ORF,,,,
515,26,34,0.433333333,5' ORF,,,,
516,26,34,0.433333333,5' ORF,,,,
517,26,34,0.433333333,5' ORF,,,,
518,26,34,0.433333333,5' ORF,,,,
519,26,34,0.433333333,5' ORF,,,,
520,26,34,0.433333333,5' ORF,,,,
521,25,35,0.416666667,5' ORF,,,,
522,25,35,0.416666667,5' ORF,,,,
523,24,36,0.4,5' ORF,,,,
524,24,36,0.4,5' ORF,,,,
525,24,36,0.4,5' ORF,,,,
526,23,37,0.383333333,5' ORF,,,,
527,23,37,0.383333333,5' ORF,,,,
528,24,36,0.4,5' ORF,,,,
529,25,35,0.416666667,5' ORF,,,,
530,24,36,0.4,5' ORF,,,,
531,24,36,0.4,5' ORF,,,,
532,24,36,0.4,5' ORF,,,,
533,25,35,0.416666667,5' ORF,,,,
534,25,35,0.416666667,5' ORF,,,,
535,26,34,0.433333333,5' ORF,,,,
536,26,34,0.433333333,5' ORF,,,,
537,26,34,0.433333333,5' ORF,,,,
538,26,34,0.433333333,5' ORF,,,,
539,26,34,0.433333333,5' ORF,,,,
540,26,34,0.433333333,5' ORF,,,,
541,26,34,0.433333333,5' ORF,,,,
542,26,34,0.433333333,5' ORF,,,,
543,26,34,0.433333333,5' ORF,,,,
544,27,33,0.45,5' ORF,,,,
545,27,33,0.45,5' ORF,,,,
546,26,34,0.433333333,5' ORF,,,,
547,26,34,0.433333333,5' ORF,,,,
548,26,34,0.433333333,5' ORF,,,,
549,26,34,0.433333333,5' ORF,,,,
550,26,34,0.433333333,5' ORF,,,,
551,26,34,0.433333333,5' ORF,,,,
552,26,34,0.433333333,5' ORF,,,,
553,27,33,0.45,5' ORF,,,,
554,27,33,0.45,5' ORF,,,,
555,27,33,0.45,5' ORF,,,,
556,27,33,0.45,5' ORF,,,,
557,27,33,0.45,5' ORF,,,,
558,27,33,0.45,5' ORF,,,,
559,27,33,0.45,5' ORF,,,,
560,27,33,0.45,5' ORF,,,,
561,28,32,0.466666667,5' ORF,,,,
562,28,32,0.466666667,5' ORF,,,,
563,28,32,0.466666667,5' ORF,,,,
564,28,32,0.466666667,5' ORF,,,,
565,28,32,0.466666667,5' ORF,,,,
566,28,32,0.466666667,5' ORF,,,,
567,28,32,0.466666667,5' ORF,,,,
568,28,32,0.466666667,5' ORF,,,,
569,28,32,0.466666667,5' ORF,,,,
570,28,32,0.466666667,5' ORF,,,,
571,28,32,0.466666667,5' ORF,,,,
572,28,32,0.466666667,5' ORF,,,,
573,28,32,0.466666667,5' ORF,,,,
574,28,32,0.466666667,5' ORF,,,,
575,28,32,0.466666667,5' ORF,,,,
576,28,32,0.466666667,5' ORF,,,,
577,29,31,0.483333333,5' ORF,,,,
578,29,31,0.483333333,5' ORF,,,,
579,29,31,0.483333333,5' ORF,,,,
580,29,31,0.483333333,5' ORF,,,,
581,29,31,0.483333333,5' ORF,,,,
582,29,31,0.483333333,5' ORF,,,,
583,29,31,0.483333333,5' ORF,,,,
584,29,31,0.483333333,5' ORF,,,,
585,29,31,0.483333333,5' ORF,,,,
586,30,30,0.5,5' ORF,,,,
587,30,30,0.5,5' ORF,,,,
588,29,31,0.483333333,5' ORF,,,,
589,29,31,0.483333333,5' ORF,,,,
590,29,31,0.483333333,5' ORF,,,,
591,29,31,0.483333333,5' ORF,,,,
592,29,31,0.483333333,5' ORF,,,,
593,29,31,0.483333333,5' ORF,,,,
594,29,31,0.483333333,5' ORF,,,,
595,29,31,0.483333333,5' ORF,,,,
596,29,31,0.483333333,5' ORF,,,,
597,29,31,0.483333333,5' ORF,,,,
598,29,31,0.483333333,5' ORF,,,,
599,29,31,0.483333333,5' ORF,,,,
600,29,31,0.483333333,5' ORF,,,,
601,29,31,0.483333333,5' ORF,,,,
602,29,31,0.483333333,5' ORF,,,,
603,29,31,0.483333333,5' ORF,,,,
604,29,31,0.483333333,5' ORF,,,,
605,29,31,0.483333333,5' ORF,,,,
606,29,31,0.483333333,5' ORF,,,,
607,29,31,0.483333333,5' ORF,,,,
608,29,31,0.483333333,5' ORF,,,,
609,29,31,0.483333333,5' ORF,,,,
610,29,31,0.483333333,5' ORF,,,,
611,29,31,0.483333333,5' ORF,,,,
612,29,31,0.483333333,5' ORF,,,,
613,28,32,0.466666667,5' ORF,,,,
614,28,32,0.466666667,5' ORF,,,,
615,28,32,0.466666667,5' ORF,,,,
616,28,32,0.466666667,5' ORF,,,,
617,28,32,0.466666667,5' ORF,,,,
618,28,32,0.466666667,5' ORF,,,,
619,28,32,0.466666667,5' ORF,,,,
620,28,32,0.466666667,5' ORF,,,,
621,28,32,0.466666667,5' ORF,,,,
622,28,32,0.466666667,5' ORF,,,,
623,28,32,0.466666667,5' ORF,,,,
624,29,31,0.483333333,5' ORF,,,,
625,29,31,0.483333333,5' ORF,,,,
626,29,31,0.483333333,5' ORF,,,,
627,29,31,0.483333333,5' ORF,,,,
628,29,31,0.483333333,5' ORF,,,,
629,29,31,0.483333333,5' ORF,,,,
630,29,31,0.483333333,5' ORF,,,,
631,29,31,0.483333333,5' ORF,,,,
632,29,31,0.483333333,5' ORF,,,,
633,29,31,0.483333333,5' ORF,,,,
634,29,31,0.483333333,5' ORF,,,,
635,29,31,0.483333333,5' ORF,,,,
636,29,31,0.483333333,5' ORF,,,,
637,29,31,0.483333333,5' ORF,,,,
638,29,31,0.483333333,5' ORF,,,,
639,29,31,0.483333333,5' ORF,,,,
640,30,30,0.5,5' ORF,,,,
641,30,30,0.5,5' ORF,,,,
642,30,30,0.5,5' ORF,,,,
643,31,29,0.516666667,5' ORF,,,,
644,31,29,0.516666667,5' ORF,,,,
645,31,29,0.516666667,5' ORF,,,,
646,31,29,0.516666667,5' ORF,,,,
647,31,29,0.516666667,5' ORF,,,,
648,31,29,0.516666667,5' ORF,,,,
649,31,29,0.516666667,5' ORF,,,,
650,31,29,0.516666667,5' ORF,,,,
651,31,29,0.516666667,5' ORF,,,,
652,31,29,0.516666667,5' ORF,,,,
653,31,29,0.516666667,5' ORF,,,,
654,32,28,0.533333333,5' ORF,,,,
655,32,28,0.533333333,5' ORF,,,,
656,32,28,0.533333333,5' ORF,,,,
657,32,28,0.533333333,5' ORF,,,,
658,32,28,0.533333333,5' ORF,,,,
659,32,28,0.533333333,5' ORF,,,,
660,32,28,0.533333333,5' ORF,,,,
661,32,28,0.533333333,5' ORF,,,,
662,32,28,0.533333333,5' ORF,,,,
663,32,28,0.533333333,5' ORF,,,,
664,32,28,0.533333333,5' ORF,,,,
665,32,28,0.533333333,5' ORF,,,,
666,32,28,0.533333333,5' ORF,,,,
667,32,28,0.533333333,5' ORF,,,,
668,32,28,0.533333333,5' ORF,,,,
669,31,29,0.516666667,5' ORF,,,,
670,31,29,0.516666667,5' ORF,,,,
671,31,29,0.516666667,5' ORF,,,,
672,32,28,0.533333333,5' ORF,,,,
673,32,28,0.533333333,5' ORF,,,,
674,31,29,0.516666667,5' ORF,,,,
675,32,28,0.533333333,5' ORF,,,,
676,32,28,0.533333333,5' ORF,,,,
677,32,28,0.533333333,5' ORF,,,,
678,32,28,0.533333333,5' ORF,,,,
679,32,28,0.533333333,5' ORF,,,,
680,32,28,0.533333333,5' ORF,,,,
681,31,29,0.516666667,5' ORF,,,,
682,31,29,0.516666667,5' ORF,,,,
683,31,29,0.516666667,5' ORF,,,,
684,31,29,0.516666667,5' ORF,,,,
685,31,29,0.516666667,5' ORF,,,,
686,31,29,0.516666667,5' ORF,,,,
687,31,29,0.516666667,5' ORF,,,,
688,31,29,0.516666667,5' ORF,,,,
689,31,29,0.516666667,5' ORF,,,,
690,32,28,0.533333333,5' ORF,,,,
691,33,27,0.55,5' ORF,,,,
692,33,27,0.55,5' ORF,,,,
693,33,27,0.55,5' ORF,,,,
694,33,27,0.55,5' ORF,,,,
695,33,27,0.55,5' ORF,,,,
696,33,27,0.55,5' ORF,,,,
697,34,26,0.566666667,5' ORF,,,,
698,34,26,0.566666667,5' ORF,,,,
699,34,26,0.566666667,5' ORF,,,,
700,34,26,0.566666667,5' ORF,,,,
701,35,25,0.583333333,5' ORF,,,,
702,35,25,0.583333333,5' ORF,,,,
703,35,25,0.583333333,5' ORF,,,,
704,35,25,0.583333333,5' ORF,,,,
705,35,25,0.583333333,5' ORF,,,,
706,35,25,0.583333333,5' ORF,,,,
707,35,25,0.583333333,5' ORF,,,,
708,35,25,0.583333333,5' ORF,,,,
709,35,25,0.583333333,5' ORF,,,,
710,35,25,0.583333333,5' ORF,,,,
711,34,26,0.566666667,5' ORF,,,,
712,34,26,0.566666667,5' ORF,,,,
713,34,26,0.566666667,5' ORF,,,,
714,35,25,0.583333333,5' ORF,,,,
715,34,26,0.566666667,5' ORF,,,,
716,34,26,0.566666667,5' ORF,,,,
717,33,27,0.55,5' ORF,,,,
718,33,27,0.55,5' ORF,,,,
719,33,27,0.55,5' ORF,,,,
720,34,26,0.566666667,5' ORF,,,,
721,34,26,0.566666667,5' ORF,,,,
722,34,26,0.566666667,5' ORF,,,,
723,33,27,0.55,5' ORF,,,,
724,33,27,0.55,5' ORF,,,,
725,33,27,0.55,5' ORF,,,,
726,34,26,0.566666667,5' ORF,,,,
727,34,26,0.566666667,5' ORF,,,,
728,34,26,0.566666667,5' ORF,,,,
729,34,26,0.566666667,5' ORF,,,,
730,34,26,0.566666667,5' ORF,,,,
731,34,26,0.566666667,5' ORF,,,,
732,34,26,0.566666667,5' ORF,,,,
733,34,26,0.566666667,5' ORF,,,,
734,35,25,0.583333333,5' ORF,,,,
735,35,25,0.583333333,5' ORF,,,,
736,35,25,0.583333333,5' ORF,,,,
737,34,26,0.566666667,5' ORF,,,,
738,34,26,0.566666667,5' ORF,,,,
739,34,26,0.566666667,5' ORF,,,,
740,35,25,0.583333333,5' ORF,,,,
741,35,25,0.583333333,5' ORF,,,,
742,35,25,0.583333333,5' ORF,,,,
743,35,25,0.583333333,5' ORF,,,,
744,35,25,0.583333333,5' ORF,,,,
745,35,25,0.583333333,5' ORF,,,,
746,35,25,0.583333333,5' ORF,,,,
747,35,25,0.583333333,5' ORF,,,,
748,35,25,0.583333333,5' ORF,,,,
749,35,25,0.583333333,5' ORF,,,,
750,36,24,0.6,5' ORF,,,,
751,35,25,0.583333333,5' ORF,,,,
752,34,26,0.566666667,5' ORF,,,,
753,34,26,0.566666667,5' ORF,,,,
754,34,26,0.566666667,5' ORF,,,,
755,34,26,0.566666667,5' ORF,,,,
756,34,26,0.566666667,5' ORF,,,,
757,34,26,0.566666667,5' ORF,,,,
758,34,26,0.566666667,5' ORF,,,,
759,33,27,0.55,5' ORF,,,,
760,33,27,0.55,5' ORF,,,,
761,32,28,0.533333333,5' ORF,,,,
762,32,28,0.533333333,5' ORF,,,,
763,32,28,0.533333333,5' ORF,,,,
764,32,28,0.533333333,5' ORF,,,,
765,31,29,0.516666667,5' ORF,,,,
766,32,28,0.533333333,5' ORF,,,,
767,32,28,0.533333333,5' ORF,,,,
768,32,28,0.533333333,5' ORF,,,,
769,32,28,0.533333333,5' ORF,,,,
770,32,28,0.533333333,5' ORF,,,,
771,33,27,0.55,5' ORF,,,,
772,33,27,0.55,5' ORF,,,,
773,34,26,0.566666667,5' ORF,,,,
774,34,26,0.566666667,5' ORF,,,,
775,33,27,0.55,5' ORF,,,,
776,33,27,0.55,5' ORF,,,,
777,34,26,0.566666667,5' ORF,,,,
778,35,25,0.583333333,5' ORF,,,,
779,36,24,0.6,5' ORF,,,,
780,36,24,0.6,5' ORF,,,,
781,36,24,0.6,5' ORF,,,,
782,35,25,0.583333333,5' ORF,,,,
783,35,25,0.583333333,5' ORF,,,,
784,35,25,0.583333333,5' ORF,,,,
785,34,26,0.566666667,5' ORF,,,,
786,34,26,0.566666667,5' ORF,,,,
787,34,26,0.566666667,5' ORF,,,,
788,33,27,0.55,5' ORF,,,,
789,32,28,0.533333333,5' ORF,,,,
790,33,27,0.55,5' ORF,,,,
791,33,27,0.55,5' ORF,,,,
792,33,27,0.55,5' ORF,,,,
793,33,27,0.55,5' ORF,,,,
794,33,27,0.55,5' ORF,,,,
795,33,27,0.55,5' ORF,,,,
796,33,27,0.55,5' ORF,,,,
797,32,28,0.533333333,5' ORF,,,,
798,33,27,0.55,5' ORF,,,,
799,34,26,0.566666667,5' ORF,,,,
800,34,26,0.566666667,5' ORF,,,,
801,34,26,0.566666667,5' ORF,,,,
802,35,25,0.583333333,5' ORF,,,,
803,36,24,0.6,5' ORF,,,,
804,36,24,0.6,5' ORF,,,,
805,36,24,0.6,5' ORF,,,,
806,36,24,0.6,5' ORF,,,,
807,36,24,0.6,5' ORF,,,,
808,36,24,0.6,5' ORF,,,,
809,36,24,0.6,5' ORF,,,,
810,36,24,0.6,5' ORF,,,,
811,36,24,0.6,5' ORF,,,,
812,35,25,0.583333333,5' ORF,,,,
813,35,25,0.583333333,5' ORF,,,,
814,34,26,0.566666667,5' ORF,,,,
815,34,26,0.566666667,5' ORF,,,,
816,34,26,0.566666667,5' ORF,,,,
817,34,26,0.566666667,5' ORF,,,,
818,34,26,0.566666667,5' ORF,,,,
819,34,26,0.566666667,5' ORF,,,,
820,34,26,0.566666667,5' ORF,,,,
821,34,26,0.566666667,5' ORF,,,,
822,34,26,0.566666667,5' ORF,,,,
823,35,25,0.583333333,5' ORF,,,,
824,35,25,0.583333333,5' ORF,,,,
825,34,26,0.566666667,5' ORF,,,,
826,34,26,0.566666667,5' ORF,,,,
827,34,26,0.566666667,5' ORF,,,,
828,34,26,0.566666667,5' ORF,,,,
829,34,26,0.566666667,5' ORF,,,,
830,34,26,0.566666667,5' ORF,,,,
831,34,26,0.566666667,5' ORF,,,,
832,34,26,0.566666667,5' ORF,,,,
833,34,26,0.566666667,5' ORF,,,,
834,34,26,0.566666667,5' ORF,,,,
835,33,27,0.55,5' ORF,,,,
836,33,27,0.55,5' ORF,,,,
837,33,27,0.55,5' ORF,,,,
838,33,27,0.55,5' ORF,,,,
839,34,26,0.566666667,5' ORF,,,,
840,34,26,0.566666667,5' ORF,,,,
841,34,26,0.566666667,5' ORF,,,,
842,34,26,0.566666667,5' ORF,,,,
843,34,26,0.566666667,5' ORF,,,,
844,34,26,0.566666667,5' ORF,,,,
845,34,26,0.566666667,5' ORF,,,,
846,34,26,0.566666667,5' ORF,,,,
847,34,26,0.566666667,5' ORF,,,,
848,34,26,0.566666667,5' ORF,,,,
849,34,26,0.566666667,5' ORF,,,,
850,34,26,0.566666667,5' ORF,,,,
851,34,26,0.566666667,5' ORF,,,,
852,33,27,0.55,5' ORF,,,,
853,33,27,0.55,5' ORF,,,,
854,33,27,0.55,5' ORF,,,,
855,33,27,0.55,5' ORF,,,,
856,33,27,0.55,5' ORF,,,,
857,32,28,0.533333333,5' ORF,,,,
858,32,28,0.533333333,5' ORF,,,,
859,32,28,0.533333333,5' ORF,,,,
860,32,28,0.533333333,5' ORF,,,,
861,32,28,0.533333333,5' ORF,,,,
862,32,28,0.533333333,5' ORF,,,,
863,32,28,0.533333333,5' ORF,,,,
864,32,28,0.533333333,5' ORF,,,,
865,32,28,0.533333333,5' ORF,,,,
866,32,28,0.533333333,5' ORF,,,,
867,33,27,0.55,5' ORF,,,,
868,33,27,0.55,5' ORF,,,,
869,33,27,0.55,5' ORF,,,,
870,33,27,0.55,5' ORF,,,,
871,33,27,0.55,5' ORF,,,,
872,33,27,0.55,5' ORF,,,,
873,33,27,0.55,5' ORF,,,,
874,33,27,0.55,5' ORF,,,,
875,32,28,0.533333333,5' ORF,,,,
876,32,28,0.533333333,5' ORF,,,,
877,32,28,0.533333333,5' ORF,,,,
878,32,28,0.533333333,5' ORF,,,,
879,32,28,0.533333333,5' ORF,,,,
880,32,28,0.533333333,5' ORF,,,,
881,32,28,0.533333333,5' ORF,,,,
882,32,28,0.533333333,5' ORF,,,,
883,32,28,0.533333333,5' ORF,,,,
884,31,29,0.516666667,5' ORF,,,,
885,32,28,0.533333333,5' ORF,,,,
886,32,28,0.533333333,5' ORF,,,,
887,32,28,0.533333333,5' ORF,,,,
888,32,28,0.533333333,5' ORF,,,,
889,32,28,0.533333333,5' ORF,,,,
890,32,28,0.533333333,5' ORF,,,,
891,33,27,0.55,5' ORF,,,,
892,32,28,0.533333333,5' ORF,,,,
893,31,29,0.516666667,5' ORF,,,,
894,31,29,0.516666667,5' ORF,,,,
895,31,29,0.516666667,5' ORF,,,,
896,31,29,0.516666667,5' ORF,,,,
897,32,28,0.533333333,5' ORF,,,,
898,32,28,0.533333333,5' ORF,,,,
899,32,28,0.533333333,5' ORF,,,,
900,32,28,0.533333333,5' ORF,,,,
901,32,28,0.533333333,5' ORF,,,,
902,32,28,0.533333333,5' ORF,,,,
903,32,28,0.533333333,5' ORF,,,,
904,33,27,0.55,5' ORF,,,,
905,33,27,0.55,5' ORF,,,,
906,33,27,0.55,5' ORF,,,,
907,33,27,0.55,5' ORF,,,,
908,33,27,0.55,5' ORF,,,,
909,34,26,0.566666667,5' ORF,,,,
910,35,25,0.583333333,5' ORF,,,,
911,35,25,0.583333333,5' ORF,,,,
912,35,25,0.583333333,5' ORF,,,,
913,35,25,0.583333333,5' ORF,,,,
914,34,26,0.566666667,5' ORF,,,,
915,34,26,0.566666667,5' ORF,,,,
916,34,26,0.566666667,5' ORF,,,,
917,34,26,0.566666667,5' ORF,,,,
918,34,26,0.566666667,5' ORF,,,,
919,34,26,0.566666667,5' ORF,,,,
920,34,26,0.566666667,5' ORF,,,,
921,34,26,0.566666667,5' ORF,,,,
922,33,27,0.55,5' ORF,,,,
923,34,26,0.566666667,5' ORF,,,,
924,34,26,0.566666667,5' ORF,,,,
925,34,26,0.566666667,5' ORF,,,,
926,34,26,0.566666667,5' ORF,,,,
927,34,26,0.566666667,5' ORF,,,,
928,34,26,0.566666667,5' ORF,,,,
929,34,26,0.566666667,5' ORF,,,,
930,34,26,0.566666667,5' ORF,,,,
931,35,25,0.583333333,5' ORF,,,,
932,35,25,0.583333333,5' ORF,,,,
933,34,26,0.566666667,5' ORF,,,,
934,34,26,0.566666667,5' ORF,,,,
935,35,25,0.583333333,5' ORF,,,,
936,34,26,0.566666667,5' ORF,,,,
937,34,26,0.566666667,5' ORF,,,,
938,34,26,0.566666667,5' ORF,,,,
939,34,26,0.566666667,5' ORF,,,,
940,33,27,0.55,5' ORF,,,,
941,33,27,0.55,5' ORF,,,,
942,34,26,0.566666667,5' ORF,,,,
943,34,26,0.566666667,5' ORF,,,,
944,34,26,0.566666667,5' ORF,,,,
945,34,26,0.566666667,5' ORF,,,,
946,35,25,0.583333333,5' ORF,,,,
947,35,25,0.583333333,5' ORF,,,,
948,35,25,0.583333333,5' ORF,,,,
949,35,25,0.583333333,5' ORF,,,,
950,35,25,0.583333333,5' ORF,,,,
951,34,26,0.566666667,5' ORF,,,,
952,34,26,0.566666667,5' ORF,,,,
953,33,27,0.55,5' ORF,,,,
954,33,27,0.55,5' ORF,,,,
955,33,27,0.55,5' ORF,,,,
956,33,27,0.55,5' ORF,,,,
957,33,27,0.55,5' ORF,,,,
958,33,27,0.55,5' ORF,,,,
959,33,27,0.55,5' ORF,,,,
960,33,27,0.55,5' ORF,,,,
961,32,28,0.533333333,5' ORF,,,,
962,32,28,0.533333333,5' ORF,,,,
963,31,29,0.516666667,5' ORF,,,,
964,32,28,0.533333333,5' ORF,,,,
965,32,28,0.533333333,5' ORF,,,,
966,32,28,0.533333333,5' ORF,,,,
967,32,28,0.533333333,5' ORF,,,,
968,32,28,0.533333333,5' ORF,,,,
969,32,28,0.533333333,5' ORF,,,,
970,32,28,0.533333333,5' ORF,,,,
971,32,28,0.533333333,5' ORF,,,,
972,32,28,0.533333333,5' ORF,,,,
973,32,28,0.533333333,5' ORF,,,,
974,32,28,0.533333333,5' ORF,,,,
975,32,28,0.533333333,5' ORF,,,,
976,31,29,0.516666667,5' ORF,,,,
977,31,29,0.516666667,5' ORF,,,,
978,31,29,0.516666667,5' ORF,,,,
979,31,29,0.516666667,5' ORF,,,,
980,31,29,0.516666667,5' ORF,,,,
981,31,29,0.516666667,5' ORF,,,,
982,31,29,0.516666667,5' ORF,,,,
983,31,29,0.516666667,5' ORF,,,,
984,31,29,0.516666667,5' ORF,,,,
985,31,29,0.516666667,5' ORF,,,,
986,31,29,0.516666667,5' ORF,,,,
987,31,29,0.516666667,5' ORF,,,,
988,31,29,0.516666667,5' ORF,,,,
989,31,29,0.516666667,5' ORF,,,,
990,31,29,0.516666667,5' ORF,,,,
991,31,29,0.516666667,5' ORF,,,,
992,31,29,0.516666667,5' ORF,,,,
993,30,30,0.5,5' ORF,,,,
994,31,29,0.516666667,5' ORF,,,,
995,31,29,0.516666667,5' ORF,,,,
996,32,28,0.533333333,5' ORF,,,,
997,32,28,0.533333333,5' ORF,,,,
998,32,28,0.533333333,5' ORF,,,,
999,32,28,0.533333333,5' ORF,,,,
1000,32,28,0.533333333,5' ORF,,,,
0,18,42,0.36,3' ORF,,,,
1,19,41,0.38,3' ORF,,,,
2,19,41,0.38,3' ORF,,,,
3,19,41,0.38,3' ORF,,,,
4,19,41,0.38,3' ORF,,,,
5,19,41,0.38,3' ORF,,,,
6,19,41,0.38,3' ORF,,,,
7,19,41,0.38,3' ORF,,,,
8,19,41,0.38,3' ORF,,,,
9,19,41,0.38,3' ORF,,,,
10,19,41,0.38,3' ORF,,,,
11,19,41,0.38,3' ORF,,,,
12,19,41,0.38,3' ORF,,,,
13,18,42,0.36,3' ORF,,,,
14,18,42,0.36,3' ORF,,,,
15,19,41,0.38,3' ORF,,,,
16,19,41,0.38,3' ORF,,,,
17,19,41,0.38,3' ORF,,,,
18,19,41,0.38,3' ORF,,,,
19,18,42,0.36,3' ORF,,,,
20,18,42,0.36,3' ORF,,,,
21,19,41,0.38,3' ORF,,,,
22,20,40,0.4,3' ORF,,,,
23,20,40,0.4,3' ORF,,,,
24,20,40,0.4,3' ORF,,,,
25,21,39,0.42,3' ORF,,,,
26,21,39,0.42,3' ORF,,,,
27,21,39,0.42,3' ORF,,,,
28,21,39,0.42,3' ORF,,,,
29,21,39,0.42,3' ORF,,,,
30,20,40,0.4,3' ORF,,,,
31,20,40,0.4,3' ORF,,,,
32,20,40,0.4,3' ORF,,,,
33,21,39,0.42,3' ORF,,,,
34,21,39,0.42,3' ORF,,,,
35,20,40,0.4,3' ORF,,,,
36,20,40,0.4,3' ORF,,,,
37,20,40,0.4,3' ORF,,,,
38,20,40,0.4,3' ORF,,,,
39,21,39,0.42,3' ORF,,,,
40,21,39,0.42,3' ORF,,,,
41,21,39,0.42,3' ORF,,,,
42,21,39,0.42,3' ORF,,,,
43,21,39,0.42,3' ORF,,,,
44,21,39,0.42,3' ORF,,,,
45,21,39,0.42,3' ORF,,,,
46,21,39,0.42,3' ORF,,,,
47,21,39,0.42,3' ORF,,,,
48,22,38,0.44,3' ORF,,,,
49,22,38,0.44,3' ORF,,,,
50,22,38,0.44,3' ORF,,,,
51,22,38,0.44,3' ORF,,,,
52,22,38,0.44,3' ORF,,,,
53,22,38,0.44,3' ORF,,,,
54,22,38,0.44,3' ORF,,,,
55,22,38,0.44,3' ORF,,,,
56,22,38,0.44,3' ORF,,,,
57,23,37,0.46,3' ORF,,,,
58,23,37,0.46,3' ORF,,,,
59,23,37,0.46,3' ORF,,,,
60,23,37,0.46,3' ORF,,,,
61,23,37,0.46,3' ORF,,,,
62,23,37,0.46,3' ORF,,,,
63,24,36,0.48,3' ORF,,,,
64,24,36,0.48,3' ORF,,,,
65,24,36,0.48,3' ORF,,,,
66,24,36,0.48,3' ORF,,,,
67,24,36,0.48,3' ORF,,,,
68,24,36,0.48,3' ORF,,,,
69,24,36,0.48,3' ORF,,,,
70,24,36,0.48,3' ORF,,,,
71,24,36,0.48,3' ORF,,,,
72,24,36,0.48,3' ORF,,,,
73,24,36,0.48,3' ORF,,,,
74,24,36,0.48,3' ORF,,,,
75,25,35,0.5,3' ORF,,,,
76,25,35,0.5,3' ORF,,,,
77,25,35,0.5,3' ORF,,,,
78,25,35,0.5,3' ORF,,,,
79,25,35,0.5,3' ORF,,,,
80,25,35,0.5,3' ORF,,,,
81,25,35,0.5,3' ORF,,,,
82,25,35,0.5,3' ORF,,,,
83,25,35,0.5,3' ORF,,,,
84,26,34,0.52,3' ORF,,,,
85,27,33,0.54,3' ORF,,,,
86,27,33,0.54,3' ORF,,,,
87,27,33,0.54,3' ORF,,,,
88,27,33,0.54,3' ORF,,,,
89,27,33,0.54,3' ORF,,,,
90,27,33,0.54,3' ORF,,,,
91,26,34,0.52,3' ORF,,,,
92,26,34,0.52,3' ORF,,,,
93,25,35,0.5,3' ORF,,,,
94,26,34,0.52,3' ORF,,,,
95,26,34,0.52,3' ORF,,,,
96,26,34,0.52,3' ORF,,,,
97,26,34,0.52,3' ORF,,,,
98,26,34,0.52,3' ORF,,,,
99,26,34,0.52,3' ORF,,,,
100,26,34,0.52,3' ORF,,,,
101,26,34,0.52,3' ORF,,,,
102,26,34,0.52,3' ORF,,,,
103,26,34,0.52,3' ORF,,,,
104,26,34,0.52,3' ORF,,,,
105,26,34,0.52,3' ORF,,,,
106,26,34,0.52,3' ORF,,,,
107,26,34,0.52,3' ORF,,,,
108,26,34,0.52,3' ORF,,,,
109,26,34,0.52,3' ORF,,,,
110,26,34,0.52,3' ORF,,,,
111,26,34,0.52,3' ORF,,,,
112,27,33,0.54,3' ORF,,,,
113,28,32,0.56,3' ORF,,,,
114,28,32,0.56,3' ORF,,,,
115,28,32,0.56,3' ORF,,,,
116,29,31,0.58,3' ORF,,,,
117,29,31,0.58,3' ORF,,,,
118,29,31,0.58,3' ORF,,,,
119,29,31,0.58,3' ORF,,,,
120,29,31,0.58,3' ORF,,,,
121,29,31,0.58,3' ORF,,,,
122,29,31,0.58,3' ORF,,,,
123,29,31,0.58,3' ORF,,,,
124,29,31,0.58,3' ORF,,,,
125,29,31,0.58,3' ORF,,,,
126,29,31,0.58,3' ORF,,,,
127,29,31,0.58,3' ORF,,,,
128,29,31,0.58,3' ORF,,,,
129,29,31,0.58,3' ORF,,,,
130,29,31,0.58,3' ORF,,,,
131,29,31,0.58,3' ORF,,,,
132,29,31,0.58,3' ORF,,,,
133,29,31,0.58,3' ORF,,,,
134,28,32,0.56,3' ORF,,,,
135,28,32,0.56,3' ORF,,,,
136,28,32,0.56,3' ORF,,,,
137,29,31,0.58,3' ORF,,,,
138,30,30,0.6,3' ORF,,,,
139,29,31,0.58,3' ORF,,,,
140,29,31,0.58,3' ORF,,,,
141,29,31,0.58,3' ORF,,,,
142,29,31,0.58,3' ORF,,,,
143,29,31,0.58,3' ORF,,,,
144,29,31,0.58,3' ORF,,,,
145,29,31,0.58,3' ORF,,,,
146,30,30,0.6,3' ORF,,,,
147,30,30,0.6,3' ORF,,,,
148,30,30,0.6,3' ORF,,,,
149,30,30,0.6,3' ORF,,,,
150,30,30,0.6,3' ORF,,,,
151,30,30,0.6,3' ORF,,,,
152,30,30,0.6,3' ORF,,,,
153,30,30,0.6,3' ORF,,,,
154,30,30,0.6,3' ORF,,,,
155,30,30,0.6,3' ORF,,,,
156,30,30,0.6,3' ORF,,,,
157,29,31,0.58,3' ORF,,,,
158,29,31,0.58,3' ORF,,,,
159,28,32,0.56,3' ORF,,,,
160,28,32,0.56,3' ORF,,,,
161,28,32,0.56,3' ORF,,,,
162,28,32,0.56,3' ORF,,,,
163,28,32,0.56,3' ORF,,,,
164,28,32,0.56,3' ORF,,,,
165,28,32,0.56,3' ORF,,,,
166,28,32,0.56,3' ORF,,,,
167,28,32,0.56,3' ORF,,,,
168,28,32,0.56,3' ORF,,,,
169,28,32,0.56,3' ORF,,,,
170,28,32,0.56,3' ORF,,,,
171,28,32,0.56,3' ORF,,,,
172,28,32,0.56,3' ORF,,,,
173,28,32,0.56,3' ORF,,,,
174,28,32,0.56,3' ORF,,,,
175,28,32,0.56,3' ORF,,,,
176,28,32,0.56,3' ORF,,,,
177,28,32,0.56,3' ORF,,,,
178,28,32,0.56,3' ORF,,,,
179,28,32,0.56,3' ORF,,,,
180,28,32,0.56,3' ORF,,,,
181,28,32,0.56,3' ORF,,,,
182,28,32,0.56,3' ORF,,,,
183,27,33,0.54,3' ORF,,,,
184,26,34,0.52,3' ORF,,,,
185,26,34,0.52,3' ORF,,,,
186,26,34,0.52,3' ORF,,,,
187,26,34,0.52,3' ORF,,,,
188,26,34,0.52,3' ORF,,,,
189,26,34,0.52,3' ORF,,,,
190,27,33,0.54,3' ORF,,,,
191,27,33,0.54,3' ORF,,,,
192,27,33,0.54,3' ORF,,,,
193,26,34,0.52,3' ORF,,,,
194,26,34,0.52,3' ORF,,,,
195,26,34,0.52,3' ORF,,,,
196,26,34,0.52,3' ORF,,,,
197,26,34,0.52,3' ORF,,,,
198,26,34,0.52,3' ORF,,,,
199,26,34,0.52,3' ORF,,,,
200,27,33,0.54,3' ORF,,,,
201,27,33,0.54,3' ORF,,,,
202,27,33,0.54,3' ORF,,,,
203,26,34,0.52,3' ORF,,,,
204,26,34,0.52,3' ORF,,,,
205,26,34,0.52,3' ORF,,,,
206,26,34,0.52,3' ORF,,,,
207,26,34,0.52,3' ORF,,,,
208,26,34,0.52,3' ORF,,,,
209,26,34,0.52,3' ORF,,,,
210,26,34,0.52,3' ORF,,,,
211,26,34,0.52,3' ORF,,,,
212,26,34,0.52,3' ORF,,,,
213,26,34,0.52,3' ORF,,,,
214,26,34,0.52,3' ORF,,,,
215,26,34,0.52,3' ORF,,,,
216,26,34,0.52,3' ORF,,,,
217,26,34,0.52,3' ORF,,,,
218,26,34,0.52,3' ORF,,,,
219,26,34,0.52,3' ORF,,,,
220,26,34,0.52,3' ORF,,,,
221,25,35,0.5,3' ORF,,,,
222,25,35,0.5,3' ORF,,,,
223,25,35,0.5,3' ORF,,,,
224,25,35,0.5,3' ORF,,,,
225,25,35,0.5,3' ORF,,,,
226,24,36,0.48,3' ORF,,,,
227,24,36,0.48,3' ORF,,,,
228,24,36,0.48,3' ORF,,,,
229,24,36,0.48,3' ORF,,,,
230,24,36,0.48,3' ORF,,,,
231,24,36,0.48,3' ORF,,,,
232,24,36,0.48,3' ORF,,,,
233,24,36,0.48,3' ORF,,,,
234,24,36,0.48,3' ORF,,,,
235,24,36,0.48,3' ORF,,,,
236,25,35,0.5,3' ORF,,,,
237,25,35,0.5,3' ORF,,,,
238,25,35,0.5,3' ORF,,,,
239,25,35,0.5,3' ORF,,,,
240,25,35,0.5,3' ORF,,,,
241,25,35,0.5,3' ORF,,,,
242,25,35,0.5,3' ORF,,,,
243,25,35,0.5,3' ORF,,,,
244,25,35,0.5,3' ORF,,,,
245,25,35,0.5,3' ORF,,,,
246,25,35,0.5,3' ORF,,,,
247,25,35,0.5,3' ORF,,,,
248,25,35,0.5,3' ORF,,,,
249,25,35,0.5,3' ORF,,,,
250,25,35,0.5,3' ORF,,,,
251,25,35,0.5,3' ORF,,,,
252,25,35,0.5,3' ORF,,,,
253,25,35,0.5,3' ORF,,,,
254,25,35,0.5,3' ORF,,,,
255,25,35,0.5,3' ORF,,,,
256,25,35,0.5,3' ORF,,,,
257,25,35,0.5,3' ORF,,,,
258,24,36,0.48,3' ORF,,,,
259,23,37,0.46,3' ORF,,,,
260,23,37,0.46,3' ORF,,,,
261,23,37,0.46,3' ORF,,,,
262,22,38,0.44,3' ORF,,,,
263,22,38,0.44,3' ORF,,,,
264,22,38,0.44,3' ORF,,,,
265,22,38,0.44,3' ORF,,,,
266,22,38,0.44,3' ORF,,,,
267,22,38,0.44,3' ORF,,,,
268,22,38,0.44,3' ORF,,,,
269,22,38,0.44,3' ORF,,,,
270,22,38,0.44,3' ORF,,,,
271,22,38,0.44,3' ORF,,,,
272,22,38,0.44,3' ORF,,,,
273,22,38,0.44,3' ORF,,,,
274,22,38,0.44,3' ORF,,,,
275,21,39,0.42,3' ORF,,,,
276,21,39,0.42,3' ORF,,,,
277,21,39,0.42,3' ORF,,,,
278,21,39,0.42,3' ORF,,,,
279,21,39,0.42,3' ORF,,,,
280,21,39,0.42,3' ORF,,,,
281,22,38,0.44,3' ORF,,,,
282,21,39,0.42,3' ORF,,,,
283,21,39,0.42,3' ORF,,,,
284,21,39,0.42,3' ORF,,,,
285,21,39,0.42,3' ORF,,,,
286,21,39,0.42,3' ORF,,,,
287,21,39,0.42,3' ORF,,,,
288,22,38,0.44,3' ORF,,,,
289,22,38,0.44,3' ORF,,,,
290,23,37,0.46,3' ORF,,,,
291,23,37,0.46,3' ORF,,,,
292,23,37,0.46,3' ORF,,,,
293,22,38,0.44,3' ORF,,,,
294,22,38,0.44,3' ORF,,,,
295,22,38,0.44,3' ORF,,,,
296,22,38,0.44,3' ORF,,,,
297,22,38,0.44,3' ORF,,,,
298,23,37,0.46,3' ORF,,,,
299,23,37,0.46,3' ORF,,,,
300,23,37,0.46,3' ORF,,,,
301,24,36,0.48,3' ORF,,,,
302,25,35,0.5,3' ORF,,,,
303,24,36,0.48,3' ORF,,,,
304,23,37,0.46,3' ORF,,,,
305,23,37,0.46,3' ORF,,,,
306,23,37,0.46,3' ORF,,,,
307,23,37,0.46,3' ORF,,,,
308,23,37,0.46,3' ORF,,,,
309,23,37,0.46,3' ORF,,,,
310,23,37,0.46,3' ORF,,,,
311,23,37,0.46,3' ORF,,,,
312,24,36,0.48,3' ORF,,,,
313,24,36,0.48,3' ORF,,,,
314,24,36,0.48,3' ORF,,,,
315,23,37,0.46,3' ORF,,,,
316,24,36,0.48,3' ORF,,,,
317,24,36,0.48,3' ORF,,,,
318,23,37,0.46,3' ORF,,,,
319,23,37,0.46,3' ORF,,,,
320,23,37,0.46,3' ORF,,,,
321,22,38,0.44,3' ORF,,,,
322,22,38,0.44,3' ORF,,,,
323,22,38,0.44,3' ORF,,,,
324,22,38,0.44,3' ORF,,,,
325,22,38,0.44,3' ORF,,,,
326,23,37,0.46,3' ORF,,,,
327,23,37,0.46,3' ORF,,,,
328,23,37,0.46,3' ORF,,,,
329,23,37,0.46,3' ORF,,,,
330,23,37,0.46,3' ORF,,,,
331,23,37,0.46,3' ORF,,,,
332,23,37,0.46,3' ORF,,,,
333,23,37,0.46,3' ORF,,,,
334,23,37,0.46,3' ORF,,,,
335,23,37,0.46,3' ORF,,,,
336,22,38,0.44,3' ORF,,,,
337,22,38,0.44,3' ORF,,,,
338,22,38,0.44,3' ORF,,,,
339,22,38,0.44,3' ORF,,,,
340,23,37,0.46,3' ORF,,,,
341,22,38,0.44,3' ORF,,,,
342,22,38,0.44,3' ORF,,,,
343,22,38,0.44,3' ORF,,,,
344,23,37,0.46,3' ORF,,,,
345,23,37,0.46,3' ORF,,,,
346,23,37,0.46,3' ORF,,,,
347,23,37,0.46,3' ORF,,,,
348,23,37,0.46,3' ORF,,,,
349,23,37,0.46,3' ORF,,,,
350,22,38,0.44,3' ORF,,,,
351,23,37,0.46,3' ORF,,,,
352,23,37,0.46,3' ORF,,,,
353,23,37,0.46,3' ORF,,,,
354,22,38,0.44,3' ORF,,,,
355,22,38,0.44,3' ORF,,,,
356,22,38,0.44,3' ORF,,,,
357,22,38,0.44,3' ORF,,,,
358,22,38,0.44,3' ORF,,,,
359,22,38,0.44,3' ORF,,,,
360,22,38,0.44,3' ORF,,,,
361,22,38,0.44,3' ORF,,,,
362,22,38,0.44,3' ORF,,,,
363,22,38,0.44,3' ORF,,,,
364,22,38,0.44,3' ORF,,,,
365,23,37,0.46,3' ORF,,,,
366,23,37,0.46,3' ORF,,,,
367,23,37,0.46,3' ORF,,,,
368,23,37,0.46,3' ORF,,,,
369,23,37,0.46,3' ORF,,,,
370,23,37,0.46,3' ORF,,,,
371,23,37,0.46,3' ORF,,,,
372,23,37,0.46,3' ORF,,,,
373,23,37,0.46,3' ORF,,,,
374,23,37,0.46,3' ORF,,,,
375,23,37,0.46,3' ORF,,,,
376,23,37,0.46,3' ORF,,,,
377,23,37,0.46,3' ORF,,,,
378,23,37,0.46,3' ORF,,,,
379,23,37,0.46,3' ORF,,,,
380,23,37,0.46,3' ORF,,,,
381,22,38,0.44,3' ORF,,,,
382,22,38,0.44,3' ORF,,,,
383,22,38,0.44,3' ORF,,,,
384,22,38,0.44,3' ORF,,,,
385,22,38,0.44,3' ORF,,,,
386,22,38,0.44,3' ORF,,,,
387,22,38,0.44,3' ORF,,,,
388,22,38,0.44,3' ORF,,,,
389,22,38,0.44,3' ORF,,,,
390,22,38,0.44,3' ORF,,,,
391,22,38,0.44,3' ORF,,,,
392,22,38,0.44,3' ORF,,,,
393,22,38,0.44,3' ORF,,,,
394,21,39,0.42,3' ORF,,,,
395,21,39,0.42,3' ORF,,,,
396,21,39,0.42,3' ORF,,,,
397,21,39,0.42,3' ORF,,,,
398,21,39,0.42,3' ORF,,,,
399,21,39,0.42,3' ORF,,,,
400,21,39,0.42,3' ORF,,,,
401,20,40,0.4,3' ORF,,,,
402,19,41,0.38,3' ORF,,,,
403,19,41,0.38,3' ORF,,,,
404,19,41,0.38,3' ORF,,,,
405,19,41,0.38,3' ORF,,,,
406,19,41,0.38,3' ORF,,,,
407,19,41,0.38,3' ORF,,,,
408,19,41,0.38,3' ORF,,,,
409,19,41,0.38,3' ORF,,,,
410,19,41,0.38,3' ORF,,,,
411,19,41,0.38,3' ORF,,,,
412,19,41,0.38,3' ORF,,,,
413,19,41,0.38,3' ORF,,,,
414,19,41,0.38,3' ORF,,,,
415,19,41,0.38,3' ORF,,,,
416,19,41,0.38,3' ORF,,,,
417,19,41,0.38,3' ORF,,,,
418,20,40,0.4,3' ORF,,,,
419,20,40,0.4,3' ORF,,,,
420,20,40,0.4,3' ORF,,,,
421,20,40,0.4,3' ORF,,,,
422,20,40,0.4,3' ORF,,,,
423,20,40,0.4,3' ORF,,,,
424,20,40,0.4,3' ORF,,,,
425,20,40,0.4,3' ORF,,,,
426,20,40,0.4,3' ORF,,,,
427,20,40,0.4,3' ORF,,,,
428,20,40,0.4,3' ORF,,,,
429,20,40,0.4,3' ORF,,,,
430,20,40,0.4,3' ORF,,,,
431,21,39,0.42,3' ORF,,,,
432,21,39,0.42,3' ORF,,,,
433,21,39,0.42,3' ORF,,,,
434,21,39,0.42,3' ORF,,,,
435,21,39,0.42,3' ORF,,,,
436,21,39,0.42,3' ORF,,,,
437,22,38,0.44,3' ORF,,,,
438,21,39,0.42,3' ORF,,,,
439,21,39,0.42,3' ORF,,,,
440,21,39,0.42,3' ORF,,,,
441,21,39,0.42,3' ORF,,,,
442,21,39,0.42,3' ORF,,,,
443,21,39,0.42,3' ORF,,,,
444,21,39,0.42,3' ORF,,,,
445,21,39,0.42,3' ORF,,,,
446,22,38,0.44,3' ORF,,,,
447,22,38,0.44,3' ORF,,,,
448,22,38,0.44,3' ORF,,,,
449,22,38,0.44,3' ORF,,,,
450,22,38,0.44,3' ORF,,,,
451,22,38,0.44,3' ORF,,,,
452,22,38,0.44,3' ORF,,,,
453,22,38,0.44,3' ORF,,,,
454,23,37,0.46,3' ORF,,,,
455,23,37,0.46,3' ORF,,,,
456,23,37,0.46,3' ORF,,,,
457,24,36,0.48,3' ORF,,,,
458,24,36,0.48,3' ORF,,,,
459,24,36,0.48,3' ORF,,,,
460,24,36,0.48,3' ORF,,,,
461,24,36,0.48,3' ORF,,,,
462,24,36,0.48,3' ORF,,,,
463,24,36,0.48,3' ORF,,,,
464,24,36,0.48,3' ORF,,,,
465,23,37,0.46,3' ORF,,,,
466,23,37,0.46,3' ORF,,,,
467,23,37,0.46,3' ORF,,,,
468,23,37,0.46,3' ORF,,,,
469,23,37,0.46,3' ORF,,,,
470,23,37,0.46,3' ORF,,,,
471,23,37,0.46,3' ORF,,,,
472,23,37,0.46,3' ORF,,,,
473,23,37,0.46,3' ORF,,,,
474,23,37,0.46,3' ORF,,,,
475,22,38,0.44,3' ORF,,,,
476,23,37,0.46,3' ORF,,,,
477,22,38,0.44,3' ORF,,,,
478,22,38,0.44,3' ORF,,,,
479,22,38,0.44,3' ORF,,,,
480,22,38,0.44,3' ORF,,,,
481,22,38,0.44,3' ORF,,,,
482,22,38,0.44,3' ORF,,,,
483,22,38,0.44,3' ORF,,,,
484,22,38,0.44,3' ORF,,,,
485,22,38,0.44,3' ORF,,,,
486,21,39,0.42,3' ORF,,,,
487,21,39,0.42,3' ORF,,,,
488,21,39,0.42,3' ORF,,,,
489,21,39,0.42,3' ORF,,,,
490,21,39,0.42,3' ORF,,,,
491,21,39,0.42,3' ORF,,,,
492,21,39,0.42,3' ORF,,,,
493,21,39,0.42,3' ORF,,,,
494,21,39,0.42,3' ORF,,,,
495,21,39,0.42,3' ORF,,,,
496,21,39,0.42,3' ORF,,,,
497,21,39,0.42,3' ORF,,,,
498,21,39,0.42,3' ORF,,,,
499,21,39,0.42,3' ORF,,,,
500,21,39,0.42,3' ORF,,,,
501,21,39,0.42,3' ORF,,,,
502,22,38,0.44,3' ORF,,,,
503,23,37,0.46,3' ORF,,,,
504,24,36,0.48,3' ORF,,,,
505,24,36,0.48,3' ORF,,,,
506,24,36,0.48,3' ORF,,,,
507,24,36,0.48,3' ORF,,,,
508,23,37,0.46,3' ORF,,,,
509,22,38,0.44,3' ORF,,,,
510,22,38,0.44,3' ORF,,,,
511,22,38,0.44,3' ORF,,,,
512,22,38,0.44,3' ORF,,,,
513,22,38,0.44,3' ORF,,,,
514,22,38,0.44,3' ORF,,,,
515,22,38,0.44,3' ORF,,,,
516,22,38,0.44,3' ORF,,,,
517,22,38,0.44,3' ORF,,,,
518,21,39,0.42,3' ORF,,,,
519,21,39,0.42,3' ORF,,,,
520,22,38,0.44,3' ORF,,,,
521,22,38,0.44,3' ORF,,,,
522,22,38,0.44,3' ORF,,,,
523,22,38,0.44,3' ORF,,,,
524,21,39,0.42,3' ORF,,,,
525,21,39,0.42,3' ORF,,,,
526,21,39,0.42,3' ORF,,,,
527,21,39,0.42,3' ORF,,,,
528,21,39,0.42,3' ORF,,,,
529,21,39,0.42,3' ORF,,,,
530,21,39,0.42,3' ORF,,,,
531,21,39,0.42,3' ORF,,,,
532,21,39,0.42,3' ORF,,,,
533,21,39,0.42,3' ORF,,,,
534,21,39,0.42,3' ORF,,,,
535,21,39,0.42,3' ORF,,,,
536,21,39,0.42,3' ORF,,,,
537,21,39,0.42,3' ORF,,,,
538,21,39,0.42,3' ORF,,,,
539,21,39,0.42,3' ORF,,,,
540,21,39,0.42,3' ORF,,,,
541,20,40,0.4,3' ORF,,,,
542,20,40,0.4,3' ORF,,,,
543,20,40,0.4,3' ORF,,,,
544,20,40,0.4,3' ORF,,,,
545,20,40,0.4,3' ORF,,,,
546,20,40,0.4,3' ORF,,,,
547,19,41,0.38,3' ORF,,,,
548,18,42,0.36,3' ORF,,,,
549,18,42,0.36,3' ORF,,,,
550,18,42,0.36,3' ORF,,,,
551,18,42,0.36,3' ORF,,,,
552,18,42,0.36,3' ORF,,,,
553,18,42,0.36,3' ORF,,,,
554,18,42,0.36,3' ORF,,,,
555,18,42,0.36,3' ORF,,,,
556,17,43,0.34,3' ORF,,,,
557,17,43,0.34,3' ORF,,,,
558,17,43,0.34,3' ORF,,,,
559,17,43,0.34,3' ORF,,,,
560,18,42,0.36,3' ORF,,,,
561,18,42,0.36,3' ORF,,,,
562,18,42,0.36,3' ORF,,,,
563,18,42,0.36,3' ORF,,,,
564,18,42,0.36,3' ORF,,,,
565,18,42,0.36,3' ORF,,,,
566,18,42,0.36,3' ORF,,,,
567,17,43,0.34,3' ORF,,,,
568,17,43,0.34,3' ORF,,,,
569,17,43,0.34,3' ORF,,,,
570,17,43,0.34,3' ORF,,,,
571,17,43,0.34,3' ORF,,,,
572,17,43,0.34,3' ORF,,,,
573,17,43,0.34,3' ORF,,,,
574,16,44,0.32,3' ORF,,,,
575,16,44,0.32,3' ORF,,,,
576,16,44,0.32,3' ORF,,,,
577,16,44,0.32,3' ORF,,,,
578,17,43,0.34,3' ORF,,,,
579,17,43,0.34,3' ORF,,,,
580,17,43,0.34,3' ORF,,,,
581,17,43,0.34,3' ORF,,,,
582,18,42,0.36,3' ORF,,,,
583,18,42,0.36,3' ORF,,,,
584,19,41,0.38,3' ORF,,,,
585,19,41,0.38,3' ORF,,,,
586,19,41,0.38,3' ORF,,,,
587,19,41,0.38,3' ORF,,,,
588,19,41,0.38,3' ORF,,,,
589,19,41,0.38,3' ORF,,,,
590,20,40,0.4,3' ORF,,,,
591,19,41,0.38,3' ORF,,,,
592,19,41,0.38,3' ORF,,,,
593,19,41,0.38,3' ORF,,,,
594,20,40,0.4,3' ORF,,,,
595,20,40,0.4,3' ORF,,,,
596,21,39,0.42,3' ORF,,,,
597,21,39,0.42,3' ORF,,,,
598,21,39,0.42,3' ORF,,,,
599,21,39,0.42,3' ORF,,,,
600,21,39,0.42,3' ORF,,,,
601,22,38,0.44,3' ORF,,,,
602,21,39,0.42,3' ORF,,,,
603,21,39,0.42,3' ORF,,,,
604,21,39,0.42,3' ORF,,,,
605,20,40,0.4,3' ORF,,,,
606,20,40,0.4,3' ORF,,,,
607,20,40,0.4,3' ORF,,,,
608,20,40,0.4,3' ORF,,,,
609,20,40,0.4,3' ORF,,,,
610,21,39,0.42,3' ORF,,,,
611,21,39,0.42,3' ORF,,,,
612,22,38,0.44,3' ORF,,,,
613,22,38,0.44,3' ORF,,,,
614,22,38,0.44,3' ORF,,,,
615,22,38,0.44,3' ORF,,,,
616,22,38,0.44,3' ORF,,,,
617,23,37,0.46,3' ORF,,,,
618,23,37,0.46,3' ORF,,,,
619,23,37,0.46,3' ORF,,,,
620,22,38,0.44,3' ORF,,,,
621,22,38,0.44,3' ORF,,,,
622,22,38,0.44,3' ORF,,,,
623,23,37,0.46,3' ORF,,,,
624,23,37,0.46,3' ORF,,,,
625,22,38,0.44,3' ORF,,,,
626,22,38,0.44,3' ORF,,,,
627,22,38,0.44,3' ORF,,,,
628,22,38,0.44,3' ORF,,,,
629,22,38,0.44,3' ORF,,,,
630,22,38,0.44,3' ORF,,,,
631,22,38,0.44,3' ORF,,,,
632,22,38,0.44,3' ORF,,,,
633,23,37,0.46,3' ORF,,,,
634,23,37,0.46,3' ORF,,,,
635,23,37,0.46,3' ORF,,,,
636,23,37,0.46,3' ORF,,,,
637,22,38,0.44,3' ORF,,,,
638,22,38,0.44,3' ORF,,,,
639,22,38,0.44,3' ORF,,,,
640,22,38,0.44,3' ORF,,,,
641,23,37,0.46,3' ORF,,,,
642,23,37,0.46,3' ORF,,,,
643,23,37,0.46,3' ORF,,,,
644,23,37,0.46,3' ORF,,,,
645,23,37,0.46,3' ORF,,,,
646,23,37,0.46,3' ORF,,,,
647,23,37,0.46,3' ORF,,,,
648,23,37,0.46,3' ORF,,,,
649,23,37,0.46,3' ORF,,,,
650,23,37,0.46,3' ORF,,,,
651,23,37,0.46,3' ORF,,,,
652,23,37,0.46,3' ORF,,,,
653,23,37,0.46,3' ORF,,,,
654,23,37,0.46,3' ORF,,,,
655,22,38,0.44,3' ORF,,,,
656,22,38,0.44,3' ORF,,,,
657,22,38,0.44,3' ORF,,,,
658,22,38,0.44,3' ORF,,,,
659,23,37,0.46,3' ORF,,,,
660,22,38,0.44,3' ORF,,,,
661,22,38,0.44,3' ORF,,,,
662,22,38,0.44,3' ORF,,,,
663,22,38,0.44,3' ORF,,,,
664,22,38,0.44,3' ORF,,,,
665,22,38,0.44,3' ORF,,,,
666,22,38,0.44,3' ORF,,,,
667,22,38,0.44,3' ORF,,,,
668,22,38,0.44,3' ORF,,,,
669,22,38,0.44,3' ORF,,,,
670,22,38,0.44,3' ORF,,,,
671,22,38,0.44,3' ORF,,,,
672,22,38,0.44,3' ORF,,,,
673,22,38,0.44,3' ORF,,,,
674,22,38,0.44,3' ORF,,,,
675,22,38,0.44,3' ORF,,,,
676,22,38,0.44,3' ORF,,,,
677,22,38,0.44,3' ORF,,,,
678,23,37,0.46,3' ORF,,,,
679,23,37,0.46,3' ORF,,,,
680,23,37,0.46,3' ORF,,,,
681,23,37,0.46,3' ORF,,,,
682,24,36,0.48,3' ORF,,,,
683,24,36,0.48,3' ORF,,,,
684,24,36,0.48,3' ORF,,,,
685,25,35,0.5,3' ORF,,,,
686,25,35,0.5,3' ORF,,,,
687,25,35,0.5,3' ORF,,,,
688,25,35,0.5,3' ORF,,,,
689,25,35,0.5,3' ORF,,,,
690,25,35,0.5,3' ORF,,,,
691,25,35,0.5,3' ORF,,,,
692,25,35,0.5,3' ORF,,,,
693,26,34,0.52,3' ORF,,,,
694,25,35,0.5,3' ORF,,,,
695,25,35,0.5,3' ORF,,,,
696,25,35,0.5,3' ORF,,,,
697,25,35,0.5,3' ORF,,,,
698,24,36,0.48,3' ORF,,,,
699,25,35,0.5,3' ORF,,,,
700,25,35,0.5,3' ORF,,,,
701,25,35,0.5,3' ORF,,,,
702,25,35,0.5,3' ORF,,,,
703,25,35,0.5,3' ORF,,,,
704,24,36,0.48,3' ORF,,,,
705,24,36,0.48,3' ORF,,,,
706,25,35,0.5,3' ORF,,,,
707,25,35,0.5,3' ORF,,,,
708,25,35,0.5,3' ORF,,,,
709,25,35,0.5,3' ORF,,,,
710,26,34,0.52,3' ORF,,,,
711,26,34,0.52,3' ORF,,,,
712,26,34,0.52,3' ORF,,,,
713,26,34,0.52,3' ORF,,,,
714,26,34,0.52,3' ORF,,,,
715,26,34,0.52,3' ORF,,,,
716,26,34,0.52,3' ORF,,,,
717,26,34,0.52,3' ORF,,,,
718,26,34,0.52,3' ORF,,,,
719,27,33,0.54,3' ORF,,,,
720,27,33,0.54,3' ORF,,,,
721,26,34,0.52,3' ORF,,,,
722,25,35,0.5,3' ORF,,,,
723,25,35,0.5,3' ORF,,,,
724,25,35,0.5,3' ORF,,,,
725,26,34,0.52,3' ORF,,,,
726,26,34,0.52,3' ORF,,,,
727,26,34,0.52,3' ORF,,,,
728,26,34,0.52,3' ORF,,,,
729,26,34,0.52,3' ORF,,,,
730,25,35,0.5,3' ORF,,,,
731,25,35,0.5,3' ORF,,,,
732,26,34,0.52,3' ORF,,,,
733,27,33,0.54,3' ORF,,,,
734,27,33,0.54,3' ORF,,,,
735,27,33,0.54,3' ORF,,,,
736,27,33,0.54,3' ORF,,,,
737,27,33,0.54,3' ORF,,,,
738,28,32,0.56,3' ORF,,,,
739,28,32,0.56,3' ORF,,,,
740,28,32,0.56,3' ORF,,,,
741,28,32,0.56,3' ORF,,,,
742,28,32,0.56,3' ORF,,,,
743,28,32,0.56,3' ORF,,,,
744,28,32,0.56,3' ORF,,,,
745,28,32,0.56,3' ORF,,,,
746,29,31,0.58,3' ORF,,,,
747,29,31,0.58,3' ORF,,,,
748,29,31,0.58,3' ORF,,,,
749,28,32,0.56,3' ORF,,,,
750,28,32,0.56,3' ORF,,,,
751,28,32,0.56,3' ORF,,,,
752,28,32,0.56,3' ORF,,,,
753,27,33,0.54,3' ORF,,,,
754,27,33,0.54,3' ORF,,,,
755,26,34,0.52,3' ORF,,,,
756,26,34,0.52,3' ORF,,,,
757,26,34,0.52,3' ORF,,,,
758,26,34,0.52,3' ORF,,,,
759,26,34,0.52,3' ORF,,,,
760,26,34,0.52,3' ORF,,,,
761,26,34,0.52,3' ORF,,,,
762,26,34,0.52,3' ORF,,,,
763,27,33,0.54,3' ORF,,,,
764,27,33,0.54,3' ORF,,,,
765,27,33,0.54,3' ORF,,,,
766,27,33,0.54,3' ORF,,,,
767,27,33,0.54,3' ORF,,,,
768,26,34,0.52,3' ORF,,,,
769,26,34,0.52,3' ORF,,,,
770,26,34,0.52,3' ORF,,,,
771,26,34,0.52,3' ORF,,,,
772,26,34,0.52,3' ORF,,,,
773,26,34,0.52,3' ORF,,,,
774,25,35,0.5,3' ORF,,,,
775,25,35,0.5,3' ORF,,,,
776,25,35,0.5,3' ORF,,,,
777,25,35,0.5,3' ORF,,,,
778,25,35,0.5,3' ORF,,,,
779,25,35,0.5,3' ORF,,,,
780,25,35,0.5,3' ORF,,,,
781,26,34,0.52,3' ORF,,,,
782,26,34,0.52,3' ORF,,,,
783,26,34,0.52,3' ORF,,,,
784,27,33,0.54,3' ORF,,,,
785,27,33,0.54,3' ORF,,,,
786,27,33,0.54,3' ORF,,,,
787,27,33,0.54,3' ORF,,,,
788,27,33,0.54,3' ORF,,,,
789,27,33,0.54,3' ORF,,,,
790,27,33,0.54,3' ORF,,,,
791,27,33,0.54,3' ORF,,,,
792,27,33,0.54,3' ORF,,,,
793,27,33,0.54,3' ORF,,,,
794,27,33,0.54,3' ORF,,,,
795,27,33,0.54,3' ORF,,,,
796,27,33,0.54,3' ORF,,,,
797,27,33,0.54,3' ORF,,,,
798,27,33,0.54,3' ORF,,,,
799,27,33,0.54,3' ORF,,,,
800,28,32,0.56,3' ORF,,,,
801,28,32,0.56,3' ORF,,,,
802,28,32,0.56,3' ORF,,,,
803,28,32,0.56,3' ORF,,,,
804,28,32,0.56,3' ORF,,,,
805,27,33,0.54,3' ORF,,,,
806,27,33,0.54,3' ORF,,,,
807,27,33,0.54,3' ORF,,,,
808,27,33,0.54,3' ORF,,,,
809,27,33,0.54,3' ORF,,,,
810,26,34,0.52,3' ORF,,,,
811,25,35,0.5,3' ORF,,,,
812,25,35,0.5,3' ORF,,,,
813,24,36,0.48,3' ORF,,,,
814,24,36,0.48,3' ORF,,,,
815,23,37,0.46,3' ORF,,,,
816,23,37,0.46,3' ORF,,,,
817,23,37,0.46,3' ORF,,,,
818,24,36,0.48,3' ORF,,,,
819,24,36,0.48,3' ORF,,,,
820,25,35,0.5,3' ORF,,,,
821,24,36,0.48,3' ORF,,,,
822,23,37,0.46,3' ORF,,,,
823,23,37,0.46,3' ORF,,,,
824,23,37,0.46,3' ORF,,,,
825,23,37,0.46,3' ORF,,,,
826,23,37,0.46,3' ORF,,,,
827,24,36,0.48,3' ORF,,,,
828,24,36,0.48,3' ORF,,,,
829,24,36,0.48,3' ORF,,,,
830,24,36,0.48,3' ORF,,,,
831,25,35,0.5,3' ORF,,,,
832,25,35,0.5,3' ORF,,,,
833,24,36,0.48,3' ORF,,,,
834,24,36,0.48,3' ORF,,,,
835,24,36,0.48,3' ORF,,,,
836,24,36,0.48,3' ORF,,,,
837,23,37,0.46,3' ORF,,,,
838,22,38,0.44,3' ORF,,,,
839,22,38,0.44,3' ORF,,,,
840,22,38,0.44,3' ORF,,,,
841,22,38,0.44,3' ORF,,,,
842,22,38,0.44,3' ORF,,,,
843,22,38,0.44,3' ORF,,,,
844,22,38,0.44,3' ORF,,,,
845,22,38,0.44,3' ORF,,,,
846,22,38,0.44,3' ORF,,,,
847,22,38,0.44,3' ORF,,,,
848,22,38,0.44,3' ORF,,,,
849,22,38,0.44,3' ORF,,,,
850,22,38,0.44,3' ORF,,,,
851,22,38,0.44,3' ORF,,,,
852,22,38,0.44,3' ORF,,,,
853,23,37,0.46,3' ORF,,,,
854,24,36,0.48,3' ORF,,,,
855,24,36,0.48,3' ORF,,,,
856,23,37,0.46,3' ORF,,,,
857,23,37,0.46,3' ORF,,,,
858,23,37,0.46,3' ORF,,,,
859,23,37,0.46,3' ORF,,,,
860,23,37,0.46,3' ORF,,,,
861,23,37,0.46,3' ORF,,,,
862,24,36,0.48,3' ORF,,,,
863,24,36,0.48,3' ORF,,,,
864,24,36,0.48,3' ORF,,,,
865,23,37,0.46,3' ORF,,,,
866,23,37,0.46,3' ORF,,,,
867,23,37,0.46,3' ORF,,,,
868,24,36,0.48,3' ORF,,,,
869,23,37,0.46,3' ORF,,,,
870,23,37,0.46,3' ORF,,,,
871,23,37,0.46,3' ORF,,,,
872,23,37,0.46,3' ORF,,,,
873,23,37,0.46,3' ORF,,,,
874,23,37,0.46,3' ORF,,,,
875,23,37,0.46,3' ORF,,,,
876,24,36,0.48,3' ORF,,,,
877,24,36,0.48,3' ORF,,,,
878,24,36,0.48,3' ORF,,,,
879,24,36,0.48,3' ORF,,,,
880,24,36,0.48,3' ORF,,,,
881,23,37,0.46,3' ORF,,,,
882,23,37,0.46,3' ORF,,,,
883,23,37,0.46,3' ORF,,,,
884,23,37,0.46,3' ORF,,,,
885,23,37,0.46,3' ORF,,,,
886,23,37,0.46,3' ORF,,,,
887,24,36,0.48,3' ORF,,,,
888,23,37,0.46,3' ORF,,,,
889,23,37,0.46,3' ORF,,,,
890,23,37,0.46,3' ORF,,,,
891,23,37,0.46,3' ORF,,,,
892,23,37,0.46,3' ORF,,,,
893,23,37,0.46,3' ORF,,,,
894,24,36,0.48,3' ORF,,,,
895,24,36,0.48,3' ORF,,,,
896,24,36,0.48,3' ORF,,,,
897,24,36,0.48,3' ORF,,,,
898,24,36,0.48,3' ORF,,,,
899,24,36,0.48,3' ORF,,,,
900,24,36,0.48,3' ORF,,,,
901,24,36,0.48,3' ORF,,,,
902,24,36,0.48,3' ORF,,,,
903,24,36,0.48,3' ORF,,,,
904,24,36,0.48,3' ORF,,,,
905,25,35,0.5,3' ORF,,,,
906,25,35,0.5,3' ORF,,,,
907,26,34,0.52,3' ORF,,,,
908,26,34,0.52,3' ORF,,,,
909,26,34,0.52,3' ORF,,,,
910,26,34,0.52,3' ORF,,,,
911,26,34,0.52,3' ORF,,,,
912,27,33,0.54,3' ORF,,,,
913,26,34,0.52,3' ORF,,,,
914,26,34,0.52,3' ORF,,,,
915,26,34,0.52,3' ORF,,,,
916,26,34,0.52,3' ORF,,,,
917,26,34,0.52,3' ORF,,,,
918,25,35,0.5,3' ORF,,,,
919,25,35,0.5,3' ORF,,,,
920,25,35,0.5,3' ORF,,,,
921,25,35,0.5,3' ORF,,,,
922,25,35,0.5,3' ORF,,,,
923,25,35,0.5,3' ORF,,,,
924,25,35,0.5,3' ORF,,,,
925,25,35,0.5,3' ORF,,,,
926,25,35,0.5,3' ORF,,,,
927,25,35,0.5,3' ORF,,,,
928,25,35,0.5,3' ORF,,,,
929,25,35,0.5,3' ORF,,,,
930,24,36,0.48,3' ORF,,,,
931,24,36,0.48,3' ORF,,,,
932,24,36,0.48,3' ORF,,,,
933,24,36,0.48,3' ORF,,,,
934,24,36,0.48,3' ORF,,,,
935,24,36,0.48,3' ORF,,,,
936,24,36,0.48,3' ORF,,,,
937,24,36,0.48,3' ORF,,,,
938,24,36,0.48,3' ORF,,,,
939,23,37,0.46,3' ORF,,,,
940,23,37,0.46,3' ORF,,,,
941,23,37,0.46,3' ORF,,,,
942,23,37,0.46,3' ORF,,,,
943,23,37,0.46,3' ORF,,,,
944,24,36,0.48,3' ORF,,,,
945,24,36,0.48,3' ORF,,,,
946,24,36,0.48,3' ORF,,,,
947,24,36,0.48,3' ORF,,,,
948,24,36,0.48,3' ORF,,,,
949,24,36,0.48,3' ORF,,,,
950,23,37,0.46,3' ORF,,,,
951,23,37,0.46,3' ORF,,,,
952,23,37,0.46,3' ORF,,,,
953,23,37,0.46,3' ORF,,,,
954,24,36,0.48,3' ORF,,,,
955,24,36,0.48,3' ORF,,,,
956,25,35,0.5,3' ORF,,,,
957,25,35,0.5,3' ORF,,,,
958,25,35,0.5,3' ORF,,,,
959,25,35,0.5,3' ORF,,,,
960,24,36,0.48,3' ORF,,,,
961,24,36,0.48,3' ORF,,,,
962,24,36,0.48,3' ORF,,,,
963,24,36,0.48,3' ORF,,,,
964,24,36,0.48,3' ORF,,,,
965,24,36,0.48,3' ORF,,,,
966,24,36,0.48,3' ORF,,,,
967,24,36,0.48,3' ORF,,,,
968,24,36,0.48,3' ORF,,,,
969,24,36,0.48,3' ORF,,,,
970,24,36,0.48,3' ORF,,,,
971,24,36,0.48,3' ORF,,,,
972,24,36,0.48,3' ORF,,,,
973,24,36,0.48,3' ORF,,,,
974,24,36,0.48,3' ORF,,,,
975,24,36,0.48,3' ORF,,,,
976,24,36,0.48,3' ORF,,,,
977,24,36,0.48,3' ORF,,,,
978,24,36,0.48,3' ORF,,,,
979,24,36,0.48,3' ORF,,,,
980,24,36,0.48,3' ORF,,,,
981,24,36,0.48,3' ORF,,,,
982,24,36,0.48,3' ORF,,,,
983,24,36,0.48,3' ORF,,,,
984,24,36,0.48,3' ORF,,,,
985,24,36,0.48,3' ORF,,,,
986,24,36,0.48,3' ORF,,,,
987,24,36,0.48,3' ORF,,,,
988,24,36,0.48,3' ORF,,,,
989,24,36,0.48,3' ORF,,,,
990,24,36,0.48,3' ORF,,,,
991,24,36,0.48,3' ORF,,,,
992,24,36,0.48,3' ORF,,,,
993,24,36,0.48,3' ORF,,,,
994,24,36,0.48,3' ORF,,,,
995,24,36,0.48,3' ORF,,,,
996,24,36,0.48,3' ORF,,,,
997,24,36,0.48,3' ORF,,,,
998,23,37,0.46,3' ORF,,,,
999,23,37,0.46,3' ORF,,,,
1000,23,37,0.46,3' ORF,,,,